<?xml version="1.0" encoding="UTF-8"?>
<faces-config xmlns="http://java.sun.com/xml/ns/javaee"
	xmlns:xsi="http://www.w3.org/2001/XMLSchema-instance"
	xsi:schemaLocation="http://java.sun.com/xml/ns/javaee http://java.sun.com/xml/ns/javaee/web-facesconfig_2_0.xsd"
	version="2.0">

    <application>
        <locale-config>
            <supported-locale>en</supported-locale>
            <supported-locale>pt_BR</supported-locale>
            <supported-locale>es_MX</supported-locale>
        </locale-config>
            
        <resource-bundle>
            <base-name>com.github.adminfaces.template.i18n.AdminUTF8Bundle</base-name>
            <var>adm</var>
        </resource-bundle>
    </application>


    <!--<factory>-->
        <!--<exception-handler-factory>com.github.adminfaces.template.exception.CustomExceptionHandlerFactory</exception-handler-factory>-->
    <!--</factory>-->


</faces-config>
