<?xml version="1.0" encoding="UTF-8"?>
<web-fragment xmlns:xsi="http://www.w3.org/2001/XMLSchema-instance"
              xmlns="http://java.sun.com/xml/ns/javaee" xmlns:web="http://java.sun.com/xml/ns/javaee/web-app_3_0.xsd"
              xsi:schemaLocation="http://java.sun.com/xml/ns/javaee http://java.sun.com/xml/ns/javaee/web-fragment_3_0.xsd"
              id="admin_template" version="3.0">

    <name>admin_template_fragment</name>
    
    <context-param>
        <param-name>primefaces.THEME</param-name>
        <param-value>admin</param-value>
    </context-param>
    <error-page>
        <error-code>403</error-code>
        <location>/403.xhtml</location>
    </error-page>
    <error-page>
        <exception-type>com.github.adminfaces.template.exception.AccessDeniedException</exception-type>
        <location>/403.xhtml</location>
    </error-page>
    <error-page>
        <error-code>404</error-code>
        <location>/404.xhtml</location>
    </error-page>
    <error-page>
        <error-code>500</error-code>
        <location>/500.xhtml</location>
    </error-page>
    <error-page>
        <exception-type>java.lang.Throwable</exception-type>
        <location>/500.xhtml</location>
    </error-page>
    <error-page>
        <exception-type>javax.faces.application.ViewExpiredException</exception-type>
        <location>/expired.xhtml</location>
    </error-page>
    <error-page>
        <exception-type>javax.persistence.OptimisticLockException</exception-type>
        <location>/optimistic.xhtml</location>
    </error-page>

    <listener>
        <listener-class>
            com.github.adminfaces.template.session.AdminServletContextListener
        </listener-class>
    </listener>

</web-fragment>