<?xml version="1.0" encoding="UTF-8"?>
<beans xmlns="http://www.springframework.org/schema/beans"
    xmlns:context="http://www.springframework.org/schema/context"
    xmlns:xsi="http://www.w3.org/2001/XMLSchema-instance"
    xmlns:security="http://www.springframework.org/schema/security"
    xsi:schemaLocation="http://www.springframework.org/schema/beans http://www.springframework.org/schema/beans/spring-beans.xsd
        http://www.springframework.org/schema/context http://www.springframework.org/schema/context/spring-context.xsd
        http://www.springframework.org/schema/security http://www.springframework.org/schema/security/spring-security.xsd">


    <!-- Enable security annotations usage -->

    <bean id="myAuthenticationDetailsSource"
        class="net.classnotfound.jsf.spring.security.security.MyAuthenticationDetailsSource">
    </bean>

    <bean id="myAuthenticationProvider"
        class="net.classnotfound.jsf.spring.security.security.MyAuthenticationProvider">
    </bean>


    <security:authentication-manager>
        <!-- create a custom AuthenticationProvider class to tune the login 
            process -->
        <security:authentication-provider
            ref="myAuthenticationProvider" />
    </security:authentication-manager>

    <security:http use-expressions="true">
        <!-- refers to http://docs.spring.io/spring-security/site/docs/3.0.x/reference/el-access.html -->
        <security:intercept-url pattern="/faces/login.xhtml"
            access="anonymous" />
        <security:intercept-url pattern="/css/**"
            access="anonymous" />
        <security:intercept-url pattern="/**"
            access="authenticated" />
        <security:form-login login-page="/faces/login.xhtml"
            authentication-failure-url="/faces/login.xhtml?error=1"
            default-target-url="/faces/index.xhtml"
            authentication-details-source-ref="myAuthenticationDetailsSource"
            username-parameter="username" password-parameter="password" />
    </security:http>

</beans>
