<?xml version="1.0"?>
<faces-config version="2.0" xmlns="http://java.sun.com/xml/ns/javaee"
	xmlns:xi="http://www.w3.org/2001/XInclude" 
	xmlns:xsi="http://www.w3.org/2001/XMLSchema-instance"
	xsi:schemaLocation="http://java.sun.com/xml/ns/javaee http://java.sun.com/xml/ns/javaee/web-facesconfig_2_0.xsd">
	
	<!-- JSF -->
<!-- 	<application> -->
<!-- 		<resource-bundle> -->
<!-- 			<base-name>lu.luxith.luxfact.web.buttons</base-name> -->
<!-- 			<var>btns</var> -->
<!-- 		</resource-bundle> -->
<!-- 	</application> -->
	
<!-- 	<navigation-rule> -->
<!-- 		<from-view-id>/*</from-view-id> -->
<!-- 		<navigation-case> -->
<!-- 			<from-outcome>country</from-outcome> -->
<!-- 			<to-view-id>/country/countries.xhtml</to-view-id> -->
<!-- 			<redirect/> -->
<!-- 		</navigation-case> -->
<!-- 		<navigation-case> -->
<!-- 			<from-outcome>unitWork</from-outcome> -->
<!-- 			<to-view-id>/unitWork/unitWork.xhtml</to-view-id> -->
<!-- 			<redirect/> -->
<!-- 		</navigation-case> -->
<!-- 		<navigation-case> -->
<!-- 			<from-outcome>incomingGen</from-outcome> -->
<!-- 			<to-view-id>/incoming/genericScreen.xhtml</to-view-id> -->
<!-- 			<redirect/> -->
<!-- 		</navigation-case> -->
<!-- 		<navigation-case> -->
<!-- 			<from-outcome>incomingUpdate</from-outcome> -->
<!-- 			<to-view-id>/incoming/restrictedUpdate.xhtml</to-view-id> -->
<!-- 			<redirect/> -->
<!-- 		</navigation-case> -->
<!-- 		<navigation-case> -->
<!-- 			<from-outcome>billPack</from-outcome> -->
<!-- 			<to-view-id>/benefit/billPack.xhtml</to-view-id> -->
<!-- 			<redirect/> -->
<!-- 		</navigation-case> -->
<!-- 		<navigation-case> -->
<!-- 			<from-outcome>invoiceCopy</from-outcome> -->
<!-- 			<to-view-id>/invoice/invoiceCopy/invoiceCopy.xhtml</to-view-id> -->
<!-- 			<redirect/> -->
<!-- 		</navigation-case> -->
<!-- 	</navigation-rule> -->
</faces-config>
